rank,company,aliases,homepage,news_url,careers_url
1,삼성물산,삼성물산 건설부문|삼성물산 건설|Samsung C&T,https://www.secc.co.kr,https://www.secc.co.kr/ko/pr/news/list.do,https://www.samsungcnt.com/careers/
2,현대건설,현대건설|Hyundai E&C,https://www.hdec.kr,https://www.hdec.kr/kr/newsroom/news.aspx,https://www.hdec.kr/kr/careers/recruit.aspx
3,대우건설,대우건설|Daewoo E&C,https://www.daewooenc.com,https://www.daewooenc.com/pr/news,https://www.daewooenc.com/recruit
4,DL이앤씨,DL이앤씨|DL E&C|디엘이앤씨,https://www.dlenc.co.kr,https://www.dlenc.co.kr/kr/newsroom/news,https://www.dlenc.co.kr/kr/career/recruit
5,GS건설,GS건설|GS E&C,https://www.gsenc.com,https://www.gsenc.com/kr/PR/News.aspx,https://www.gsenc.com/kr/Careers/Recruit.aspx
6,현대엔지니어링,현대엔지니어링|Hyundai Engineering,https://www.hec.co.kr,https://www.hec.co.kr/ko/pr/news,https://www.hec.co.kr/ko/recruit
7,포스코이앤씨,포스코이앤씨|포스코건설|POSCO E&C,https://www.poscoenc.com,https://www.poscoenc.com/kr/newsroom,https://www.poscoenc.com/kr/recruit
8,롯데건설,롯데건설|Lotte E&C,https://www.lottecon.co.kr,https://www.lottecon.co.kr/pr/news,https://www.lottecon.co.kr/recruit
9,SK에코플랜트,SK에코플랜트|SK건설|SK ecoplant,https://www.skecoplant.com,https://www.skecoplant.com/pr/news,https://www.skecoplant.com/careers
10,HDC현대산업개발,HDC현대산업개발|현대산업개발|HDC,https://www.hdc-dvp.com,https://www.hdc-dvp.com/news,https://www.hdc-dvp.com/recruit
11,한화,한화 건설부문|한화건설|Hanwha Engineering & Construction,https://www.hwenc.co.kr,https://www.hwenc.co.kr/pr/news,https://www.hwenc.co.kr/recruit
12,호반건설,호반건설|Hoban Construction,https://www.ihoban.co.kr,https://www.ihoban.co.kr/news,https://www.ihoban.co.kr/recruit
13,DL건설,DL건설|디엘건설,https://www.dlconstruction.co.kr,https://www.dlconstruction.co.kr/pr/news,https://www.dlconstruction.co.kr/recruit
14,두산에너빌리티,두산에너빌리티|두산중공업|Doosan Enerbility,https://www.doosanenerbility.com,https://www.doosanenerbility.com/kr/media/news,https://www.doosanenerbility.com/kr/career
15,계룡건설산업,계룡건설|계룡건설산업,https://www.krcon.co.kr,https://www.krcon.co.kr/pr/news,https://www.krcon.co.kr/recruit
16,서희건설,서희건설,https://www.seohee.co.kr,https://www.seohee.co.kr/pr/news,https://www.seohee.co.kr/recruit
17,제일건설,제일건설,https://www.jeilcon.co.kr,https://www.jeilcon.co.kr/news,https://www.jeilcon.co.kr/recruit
18,코오롱글로벌,코오롱글로벌|Kolon Global,https://www.kolonglobal.com,https://www.kolonglobal.com/pr/news,https://www.kolonglobal.com/recruit
19,태영건설,태영건설|Taeyoung E&C,https://www.taeyoung.com,https://www.taeyoung.com/pr/news,https://www.taeyoung.com/recruit
20,KCC건설,KCC건설|KCC Engineering & Construction,https://www.kccworld.net,https://www.kccworld.net/pr/news,https://www.kccworld.net/recruit
21,금호건설,금호건설|Kumho E&C,https://www.kumhoenc.com,https://www.kumhoenc.com/pr/news,https://www.kumhoenc.com/recruit
22,한신공영,한신공영|Hanshin,https://www.hanshinc.com,https://www.hanshinc.com/pr/news,https://www.hanshinc.com/recruit
23,신세계건설,신세계건설|Shinsegae E&C,https://www.shinsegae-enc.com,https://www.shinsegae-enc.com/pr/news,https://www.shinsegae-enc.com/recruit
24,동부건설,동부건설|Dongbu Corporation,https://www.dongbu.co.kr,https://www.dongbu.co.kr/pr/news,https://www.dongbu.co.kr/recruit
25,쌍용건설,쌍용건설|SsangYong E&C,https://www.ssyenc.com,https://www.ssyenc.com/pr/news,https://www.ssyenc.com/recruit
26,HL디앤아이한라,HL디앤아이한라|한라건설|HL D&I Halla,https://www.hldni.com,https://www.hldni.com/pr/news,https://www.hldni.com/recruit
27,동원개발,동원개발,https://www.dongwonapt.co.kr,https://www.dongwonapt.co.kr/news,https://www.dongwonapt.co.kr/recruit
28,대방건설,대방건설,https://www.dbcons.co.kr,https://www.dbcons.co.kr/pr/news,https://www.dbcons.co.kr/recruit
29,중흥토건,중흥토건|중흥건설,https://www.jungheung.co.kr,https://www.jungheung.co.kr/pr/news,https://www.jungheung.co.kr/recruit
30,아이에스동서,아이에스동서|IS Dongseo,https://www.isdongseo.co.kr,https://www.isdongseo.co.kr/pr/news,https://www.isdongseo.co.kr/recruit